James,0.0254,25
John,0.025,50
Robert,0.024,74
Mary,0.0201,94
Michael,0.0201,114
William,0.0188,133
David,0.0181,151
Richard,0.013,164
Charles,0.0117,176
Joseph,0.0107,187
Thomas,0.0106,198
Patricia,0.0082,206
Linda,0.0079,214
Christopher,0.0079,222
Barbara,0.0075,230
Daniel,0.0075,238
Paul,0.0073,245
Mark,0.0072,252
Elizabeth,0.0072,259
Jennifer,0.0071,266
Donald,0.0071,273
George,0.0071,280
Maria,0.0063,286
Kenneth,0.0063,292
Susan,0.0061,298
Steven,0.006,304
Edward,0.006,310
Margaret,0.0059,316
Brian,0.0056,322
Dorothy,0.0056,328
Ronald,0.0055,334
Anthony,0.0055,340
Lisa,0.0054,345
Kevin,0.0051,350
Nancy,0.0051,355
Karen,0.0051,360
Betty,0.0051,365
Helen,0.0051,370
Jason,0.005,375
Matthew,0.005,380
Gary,0.005,385
Timothy,0.0049,390
Sandra,0.0048,395
Jose,0.0047,400
Larry,0.0046,405
Jeffrey,0.0045,410
Donna,0.0045,415
Frank,0.0044,419
Carol,0.0043,423
Ruth,0.0043,427
Scott,0.0042,431
Eric,0.0042,435
Stephen,0.0041,439
Andrew,0.0041,443
Sharon,0.004,447
Michelle,0.004,451
Laura,0.0039,455
Sarah,0.0039,459
Kimberly,0.0039,463
Deborah,0.0038,467
Jessica,0.0037,471
Raymond,0.0037,475
Shirley,0.0037,479
Cynthia,0.0036,483
Angela,0.0036,487
Melissa,0.0035,491
Brenda,0.0035,495
Amy,0.0035,499
Gregory,0.0034,502
Anna,0.0034,505
Joshua,0.0033,508
Jerry,0.0033,511
Rebecca,0.0033,514
Virginia,0.0033,517
Kathleen,0.0032,520
Pamela,0.0032,523
Dennis,0.0032,526
Martha,0.0032,529
Debra,0.0031,532
Amanda,0.0031,535
Stephanie,0.0031,538
Walter,0.0031,541
Patrick,0.003,544
Carolyn,0.0029,547
Christine,0.0029,550
Peter,0.0029,553
Marie,0.0029,556
Janet,0.0029,559
Catherine,0.0029,562
Harold,0.0028,565
Frances,0.0028,568
Douglas,0.0028,571
Henry,0.0028,574
Ann,0.0028,577
Joyce,0.0028,580
Diane,0.0027,583
Alice,0.0027,586
Julie,0.0027,589
Carl,0.0026,592
Heather,0.0026,595
Teresa,0.0026,598
Doris,0.0026,601
Gloria,0.0026,604
Arthur,0.0026,607
Ryan,0.0025,610
Evelyn,0.0025,613
Roger,0.0025,616
Joe,0.0025,619
Juan,0.0024,621
Jean,0.0024,623
Cheryl,0.0024,625
Jack,0.0024,627
Albert,0.0024,629
Mildred,0.0024,631
Katherine,0.0024,633
Jonathan,0.0024,635
Justin,0.0024,637
Terry,0.0024,639
Gerald,0.0024,641
Keith,0.0024,643
Joan,0.0023,645
Samuel,0.0023,647
Ashley,0.0023,649
Willie,0.0023,651
Judith,0.0023,653
Rose,0.0023,655
Janice,0.0022,657
Kelly,0.0022,659
Lawrence,0.0022,661
Ralph,0.0022,663
Nicole,0.0021,665
Judy,0.0021,667
Christina,0.0021,669
Nicholas,0.0021,671
Roy,0.0021,673
Kathy,0.0021,675
Theresa,0.0021,677
Benjamin,0.0021,679
Beverly,0.002,681
Denise,0.002,683
Bruce,0.002,685
Brandon,0.002,687
Tammy,0.002,689
Adam,0.002,691
Irene,0.0019,693
Fred,0.0019,695
Harry,0.0019,697
Jane,0.0019,699
Wayne,0.0019,701
Lori,0.0019,703
Billy,0.0019,705
Steve,0.0019,707
Louis,0.0019,709
Rachel,0.0019,711
Jeremy,0.0019,713
Marilyn,0.0018,715
Aaron,0.0018,717
Andrea,0.0018,719
Kathryn,0.0018,721
Randy,0.0018,723
Eugene,0.0018,725
Howard,0.0018,727
Louise,0.0018,729
Sara,0.0018,731
Carlos,0.0018,733
Anne,0.0017,735
Jacqueline,0.0017,737
Wanda,0.0017,739
Russell,0.0017,741
Bonnie,0.0017,743
Julia,0.0017,745
Bobby,0.0017,747
Victor,0.0017,749
Ruby,0.0017,751
Lois,0.0017,753
Tina,0.0017,755
Phyllis,0.0017,757
Norma,0.0017,759
Paula,0.0017,761
Diana,0.0017,763
Annie,0.0017,765
Martin,0.0017,767
Ernest,0.0016,769
Phillip,0.0016,771
Todd,0.0016,773
Lillian,0.0016,775
Jesse,0.0016,777
Emily,0.0016,779
Robin,0.0016,781
Peggy,0.0016,783
Crystal,0.0016,785
Craig,0.0016,787
Gladys,0.0016,789
Rita,0.0016,791
Alan,0.0016,793
Dawn,0.0015,795
Connie,0.0015,797
Florence,0.0015,799
Shawn,0.0015,801
Tracy,0.0015,803
Edna,0.0015,805
Chris,0.0015,807
Clarence,0.0015,809
Philip,0.0015,811
Sean,0.0015,813
Tiffany,0.0015,815
Carmen,0.0015,817
Johnny,0.0015,819
Rosa,0.0015,821
Earl,0.0015,823
Cindy,0.0015,825
Jimmy,0.0015,827
Antonio,0.0015,829
Bryan,0.0015,831
Danny,0.0015,833
Tony,0.0015,835
Grace,0.0014,836
Luis,0.0014,837
Mike,0.0014,838
Leonard,0.0014,839
Stanley,0.0014,840
Wendy,0.0014,841
Nathan,0.0014,842
Dale,0.0014,843
Manuel,0.0014,844
Victoria,0.0014,845
Curtis,0.0014,846
Rodney,0.0014,847
Edith,0.0014,848
Kim,0.0014,849
Sherry,0.0014,850
Sylvia,0.0014,851
Josephine,0.0014,852
Norman,0.0014,853
Thelma,0.0013,854
Shannon,0.0013,855
Sheila,0.0013,856
Ethel,0.0013,857
Allen,0.0013,858
Ellen,0.0013,859
Elaine,0.0013,860
Marjorie,0.0013,861
Carrie,0.0013,862
Marvin,0.0013,863
Charlotte,0.0013,864
Vincent,0.0013,865
Glenn,0.0013,866
Monica,0.0013,867
Esther,0.0013,868
Jeff,0.0013,869
Jeffery,0.0013,870
Travis,0.0013,871
Pauline,0.0013,872
Emma,0.0013,873
Chad,0.0013,874
Jacob,0.0013,875
Juanita,0.0013,876
Anita,0.0012,877
Rhonda,0.0012,878
Alfred,0.0012,879
Lee,0.0012,880
Melvin,0.0012,881
Hazel,0.0012,882
Amber,0.0012,883
Francis,0.0012,884
Kyle,0.0012,885
Eva,0.0012,886
Bradley,0.0012,887
Debbie,0.0012,888
Herbert,0.0012,889
Jesus,0.0012,890
April,0.0012,891
Leslie,0.0012,892
Frederick,0.0012,893
Clara,0.0012,894
Lucille,0.0012,895
Jamie,0.0012,896
Ray,0.0012,897
Joel,0.0012,898
Joanne,0.0011,899
Eleanor,0.0011,900
Valerie,0.0011,901
Danielle,0.0011,902
Edwin,0.0011,903
Megan,0.0011,904
Alicia,0.0011,905
Suzanne,0.0011,906
Michele,0.0011,907
Gail,0.0011,908
Don,0.0011,909
Eddie,0.0011,910
Bertha,0.0011,911
Darlene,0.0011,912
Veronica,0.0011,913
Jill,0.0011,914
Erin,0.0011,915
Geraldine,0.0011,916
Ricky,0.0011,917
Randall,0.0011,918
Troy,0.0011,919
Lauren,0.001,920
Cathy,0.001,921
Joann,0.001,922
Lorraine,0.001,923
Lynn,0.001,924
Sally,0.001,925
Barry,0.001,926
Regina,0.001,927
Alexander,0.001,928
Erica,0.001,929
Beatrice,0.001,930
Dolores,0.001,931
Bernice,0.001,932
Audrey,0.001,933
Bernard,0.001,934
Yvonne,0.001,935
Annette,0.001,936
June,0.001,937
Leroy,0.001,938
Mario,0.001,939
Samantha,0.0009,940
Francisco,0.0009,941
Marcus,0.0009,942
Clifford,0.0009,943
Micheal,0.0009,944
Theodore,0.0009,945
Marion,0.0009,946
Dana,0.0009,947
Miguel,0.0009,948
Oscar,0.0009,949
Stacy,0.0009,950
Ana,0.0009,951
Renee,0.0009,952
Ida,0.0009,953
Vivian,0.0009,954
Jay,0.0009,955
Jim,0.0009,956
Roberta,0.0009,957
Holly,0.0009,958
Brittany,0.0009,959
Tom,0.0009,960
Melanie,0.0009,961
Loretta,0.0009,962
Yolanda,0.0009,963
Jeanette,0.0009,964
Alex,0.0009,965
Calvin,0.0009,966
Jon,0.0009,967
Laurie,0.0009,968
Katie,0.0009,969
Ronnie,0.0009,970
Bill,0.0009,971
Derek,0.0009,972
Leon,0.0009,973
Lloyd,0.0009,974
Tommy,0.0009,975
Kristen,0.0008,976
Vanessa,0.0008,977
Alma,0.0008,978
Sue,0.0008,979
Elsie,0.0008,980
Beth,0.0008,981
Warren,0.0008,982
Jeanne,0.0008,983
Darrell,0.0008,984
Jerome,0.0008,985
Floyd,0.0008,986
Leo,0.0008,987
Alvin,0.0008,988
Dean,0.0008,989
Gordon,0.0008,990
Greg,0.0008,991
Jorge,0.0008,992
Tim,0.0008,993
Wesley,0.0008,994
Derrick,0.0008,995
Dustin,0.0008,996
Pedro,0.0008,997
Dan,0.0008,998
Lewis,0.0008,999
Zachary,0.0008,1000
